Neighborhood,Price,Bedrooms,Bathrooms,House Size (sqft),Description,Neighborhood Description
Willow Creek,"$650,000",4,3,2400,"Nestled in the quiet Willow Creek neighborhood, this spacious 4-bedroom, 3-bathroom home is perfect for a growing family. The large master suite comes with a walk-in closet and a luxurious en-suite bath with a soaking tub. The open-plan living area features a fireplace and large windows that bring in plenty of natural light. Enjoy outdoor living on the deck overlooking a landscaped backyard, ideal for BBQs and relaxation.","Willow Creek is known for its family-friendly environment, excellent schools, and tree-lined streets. Take advantage of local parks and walking trails or visit the Willow Creek Plaza for shopping and dining. Commuting is easy with nearby access to highways and public transportation."
Oakwood Ridge,"$950,000",5,4,3200,"This luxurious 5-bedroom, 4-bathroom home in Oakwood Ridge is a must-see. The gourmet kitchen features high-end appliances, granite countertops, and a spacious island perfect for entertaining. The open-concept living area flows seamlessly into a formal dining room. Outside, a large patio area with a built-in grill and fireplace invites you to enjoy the outdoors year-round.","Oakwood Ridge offers an upscale lifestyle with easy access to top-rated schools, golf courses, and boutique shopping. The neighborhood's private park and nature reserve provide peace and tranquility, making it ideal for those seeking both luxury and serenity."
Rose Garden,"$425,000",2,1,1100,"This cozy 2-bedroom, 1-bathroom home in the Rose Garden area is perfect for first-time buyers or downsizers. The updated kitchen boasts modern appliances, while the living room features beautiful hardwood floors and large windows. Enjoy the charm of this small but charming property, complete with a fenced-in backyard perfect for pets or a garden.","Rose Garden is a vibrant neighborhood with a mix of young professionals and retirees. The area is known for its proximity to parks, cafes, and the popular Rose Garden Market. With easy access to public transport, this neighborhood offers the perfect balance of convenience and community."
Lakeview Heights,"$1,200,000",6,5,4000,"Located in the prestigious Lakeview Heights, this sprawling 6-bedroom, 5-bathroom mansion features breathtaking views of the nearby lake. The chef’s kitchen opens to a grand living room with floor-to-ceiling windows. The home also includes a private movie theater, gym, and a spacious outdoor terrace for entertaining.","Lakeview Heights offers exclusivity and breathtaking views, with easy access to waterfront activities and outdoor adventures. Its proximity to elite schools, fine dining, and cultural centers makes it a highly desirable location for those seeking luxury."
Maple Grove,"$575,000",3,2,1800,"This charming 3-bedroom, 2-bathroom home is located in the heart of Maple Grove. The spacious living area includes a cozy fireplace, while the kitchen boasts modern appliances and a large breakfast bar. The backyard features a large deck perfect for entertaining or relaxing in the sun.","Maple Grove is known for its peaceful atmosphere, excellent schools, and close-knit community. The neighborhood is surrounded by lush parks and walking trails, with local shops and restaurants just a short walk away."
Cedar Hill,"$890,000",4,3,2800,"Welcome to this elegant 4-bedroom, 3-bathroom home in Cedar Hill. The gourmet kitchen features top-of-the-line appliances, granite countertops, and a spacious island. The open-concept design offers plenty of room for entertaining, and the master suite boasts a luxurious bathroom with a soaking tub and separate shower.","Cedar Hill is a peaceful neighborhood with scenic views of nearby hills. Residents enjoy access to local parks, hiking trails, and a vibrant arts scene. The area is well-connected with public transportation and is within reach of major shopping areas."
Sunset Ridge,"$720,000",3,2,2100,"This beautiful 3-bedroom, 2-bathroom home offers modern comforts and stunning sunset views. The spacious living area opens to a large deck overlooking the valley. The kitchen features stainless steel appliances, while the master suite offers a walk-in closet and a spa-like bathroom with a rain shower.","Sunset Ridge is known for its panoramic views and tranquil surroundings. The neighborhood is close to top schools, shopping centers, and entertainment options. With easy access to highways, it’s perfect for those who enjoy both serenity and convenience."
Harborview,"$1,400,000",5,4,3500,"This waterfront 5-bedroom, 4-bathroom estate offers stunning views of the bay. The open-concept living area leads to a spacious deck with a built-in pool and jacuzzi, ideal for outdoor entertaining. The gourmet kitchen is a chef's dream with high-end finishes and a large center island.","Harborview is an exclusive, serene community on the water, offering boating, fishing, and beach access. Residents enjoy privacy, luxury, and proximity to fine dining, shopping, and recreational activities."
Silver Oak,"$820,000",4,3,2700,"This stunning 4-bedroom, 3-bathroom home is located in the desirable Silver Oak neighborhood. The bright and airy living area includes large windows that bring in natural light and a fireplace perfect for cozy nights in. The master suite features a spa-inspired bath and a walk-in closet.","Silver Oak offers a mix of traditional charm and modern amenities. The area is known for its beautiful tree-lined streets, excellent schools, and proximity to parks, shopping, and dining options. It’s a community that offers both peace and convenience."
Briarwood Springs,"$550,000",3,2,1500,"This charming 3-bedroom, 2-bathroom home offers the perfect blend of comfort and style. The open-concept living space includes vaulted ceilings, a cozy fireplace, and large windows that provide lots of natural light. The kitchen is updated with stainless steel appliances and ample storage, and the backyard is a peaceful retreat with a patio and lush greenery.","Briarwood Springs is a peaceful, family-friendly neighborhood with easy access to parks, schools, and local shops. Its central location offers quick routes to major highways, making it convenient for commuting to nearby areas."
